Samp_ID,TSN,PHYLUM,CLASS,ORDER,FAMILY,GENUS,FFG,count,Vol,Den
Lake_1,83936,Arthropoda,Branchiopoda,Diplostraca,Bosminidae,Bosmina,Herbivores,1,77.35290878,0.012927762
Lake_1,125923,Arthropoda,Insecta,Diptera,Chaoboridae,Chaoborus,Predaceous,1,77.35290878,0.012927762
Lake_1,59270,Rotifera,Eurotatoria,Ploima,Synchaetidae,Polyarthra,Omnivorous,1,77.35290878,0.012927762
Lake_1,59074,Rotifera,Eurotatoria,Ploima,Trichocercidae,Trichocerca,Predaceous,2,77.35290878,0.025855524
Lake_1,58633,Rotifera,Eurotatoria,Ploima,Lecanidae,,Herbivores,1,77.35290878,0.012927762
Lake_1,125904,Arthropoda,Insecta,Diptera,Chaoboridae,Chaoborus,Predaceous,1,77.35290878,0.012927762
Lake_1,83971,Arthropoda,Branchiopoda,Diplostraca,Leptodoridae,Leptodora,Predaceous,1,77.35290878,0.012927762
Lake_1,88634,Arthropoda,Maxillopoda,Cyclopoida,Cyclopidae,,Predaceous,1,77.35290878,0.012927762
Lake_1,88599,Arthropoda,Maxillopoda,Poecilostomatoida,Ergasilidae,Ergasilus,Omnivorous,2,77.35290878,0.025855524
Lake_1,aaaaa,Rotifera,Eurotatoria,Ploima,Brachionidae,Keratella,Herbivores,3,77.35290878,0.038783286
Lake_1,58486,Rotifera,Eurotatoria,Ploima,Brachionidae,Kellicottia,Omnivorous,3,77.35290878,0.038783286
Lake_1,88634,Arthropoda,Maxillopoda,Cyclopoida,Cyclopidae,,Predaceous,5,77.35290878,0.06463881
Lake_1,83837,Arthropoda,Branchiopoda,Diplostraca,Sididae,Diaphanosoma,Herbivores,9,77.35290878,0.116349859
Lake_1,83874,Arthropoda,Branchiopoda,Diplostraca,Daphniidae,Daphnia,Herbivores,16,77.35290878,0.206844193
Lake_1,85855,Arthropoda,Maxillopoda,Calanoida,Temoridae,,Predaceous,21,77.35290878,0.271483003
Lake_1,85779,Arthropoda,Maxillopoda,Calanoida,Diaptomidae,,Herbivores,40,77.35290878,0.517110483
Lake_1,59411,Rotifera,Eurotatoria,Flosculariaceae,Conochilidae,,Herbivores,74,77.35290878,0.956654393
Lake_1,83879,Arthropoda,Branchiopoda,Diplostraca,Daphniidae,Daphnia,Herbivores,130,77.35290878,1.680609069
Lake_10,83936,Arthropoda,Branchiopoda,Diplostraca,Bosminidae,Bosmina,Herbivores,1,48.71926931,0.020525759
Lake_10,83880,Arthropoda,Branchiopoda,Diplostraca,Daphniidae,Daphnia,Herbivores,1,48.71926931,0.020525759
Lake_10,83973,Arthropoda,Branchiopoda,Diplostraca,Chydoridae,,Herbivores,1,48.71926931,0.020525759
Lake_10,aaaaa,Rotifera,Eurotatoria,Ploima,Brachionidae,Keratella,Herbivores,2,48.71926931,0.041051519
Lake_10,59411,Rotifera,Eurotatoria,Flosculariaceae,Conochilidae,,Herbivores,3,48.71926931,0.061577278
Lake_10,125923,Arthropoda,Insecta,Diptera,Chaoboridae,Chaoborus,Predaceous,7,48.71926931,0.143680316
Lake_10,58487,Rotifera,Eurotatoria,Ploima,Brachionidae,Kellicottia,Omnivorous,8,48.71926931,0.164206075
Lake_10,88634,Arthropoda,Maxillopoda,Cyclopoida,Cyclopidae,,Predaceous,9,48.71926931,0.184731835
Lake_10,bbbbb,Arthropoda,Branchiopoda,Diplostraca,Daphniidae,Daphnia,Herbivores,11,48.71926931,0.225783353
Lake_10,59074,Rotifera,Eurotatoria,Ploima,Trichocercidae,Trichocerca,Predaceous,21,48.71926931,0.431040947
Lake_10,aaaaa,Rotifera,Eurotatoria,Ploima,Brachionidae,Keratella,Herbivores,23,48.71926931,0.472092466
Lake_10,59270,Rotifera,Eurotatoria,Ploima,Synchaetidae,Polyarthra,Omnivorous,37,48.71926931,0.759453098
Lake_10,59235,Rotifera,Eurotatoria,Ploima,Asplanchnidae,Asplanchna,Omnivorous,65,48.71926931,1.334174361
Lake_10,83905,Arthropoda,Branchiopoda,Diplostraca,Daphniidae,Ceriodaphnia,Herbivores,112,48.71926931,2.298885053
Lake_11,125923,Arthropoda,Insecta,Diptera,Chaoboridae,Chaoborus,Predaceous,1,29.50194323,0.033896072
Lake_11,88634,Arthropoda,Maxillopoda,Cyclopoida,Cyclopidae,,Predaceous,4,29.50194323,0.135584289
Lake_11,88634,Arthropoda,Maxillopoda,Cyclopoida,Cyclopidae,,Predaceous,4,29.50194323,0.135584289
Lake_11,59235,Rotifera,Eurotatoria,Ploima,Asplanchnidae,Asplanchna,Omnivorous,1,29.50194323,0.033896072
Lake_11,58486,Rotifera,Eurotatoria,Ploima,Brachionidae,Kellicottia,Omnivorous,1,29.50194323,0.033896072
Lake_11,aaaaa,Rotifera,Eurotatoria,Ploima,Brachionidae,Keratella,Herbivores,1,29.50194323,0.033896072
Lake_11,85779,Arthropoda,Maxillopoda,Calanoida,Diaptomidae,,Herbivores,6,29.50194323,0.203376434
Lake_11,59270,Rotifera,Eurotatoria,Ploima,Synchaetidae,Polyarthra,Omnivorous,3,29.50194323,0.101688217
Lake_11,83874,Arthropoda,Branchiopoda,Diplostraca,Daphniidae,Daphnia,Herbivores,59,29.50194323,1.999868264
Lake_11,bbbbb,Arthropoda,Branchiopoda,Diplostraca,Daphniidae,Daphnia,Herbivores,66,29.50194323,2.23714077
Lake_11,59411,Rotifera,Eurotatoria,Flosculariaceae,Conochilidae,,Herbivores,155,29.50194323,5.253891202
Lake_12,88599,Arthropoda,Maxillopoda,Poecilostomatoida,Ergasilidae,Ergasilus,Omnivorous,1,51.73381173,0.019329718
Lake_12,83837,Arthropoda,Branchiopoda,Diplostraca,Sididae,Diaphanosoma,Herbivores,2,51.73381173,0.038659436
Lake_12,59074,Rotifera,Eurotatoria,Ploima,Trichocercidae,Trichocerca,Predaceous,1,51.73381173,0.019329718
Lake_12,58486,Rotifera,Eurotatoria,Ploima,Brachionidae,Kellicottia,Omnivorous,2,51.73381173,0.038659436
Lake_12,88634,Arthropoda,Maxillopoda,Cyclopoida,Cyclopidae,,Predaceous,7,51.73381173,0.135308027
Lake_12,125923,Arthropoda,Insecta,Diptera,Chaoboridae,Chaoborus,Predaceous,9,51.73381173,0.173967463
Lake_12,59270,Rotifera,Eurotatoria,Ploima,Synchaetidae,Polyarthra,Omnivorous,8,51.73381173,0.154637745
Lake_12,aaaaa,Rotifera,Eurotatoria,Ploima,Brachionidae,Keratella,Herbivores,11,51.73381173,0.2126269
Lake_12,85779,Arthropoda,Maxillopoda,Calanoida,Diaptomidae,,Herbivores,31,51.73381173,0.599221263
Lake_12,83874,Arthropoda,Branchiopoda,Diplostraca,Daphniidae,Daphnia,Herbivores,33,51.73381173,0.637880699
Lake_12,59411,Rotifera,Eurotatoria,Flosculariaceae,Conochilidae,,Herbivores,20,51.73381173,0.386594363
Lake_12,bbbbb,Arthropoda,Branchiopoda,Diplostraca,Daphniidae,Daphnia,Herbivores,106,51.73381173,2.048950125
Lake_12,59434,Rotifera,Eurotatoria,Collothecaceae,Collothecidae,Collotheca,Herbivores,67,51.73381173,1.295091117
Lake_13,59175,Rotifera,Eurotatoria,Ploima,Gastropodidae,Gastropus,Herbivores,1,17.33333333,0.057692308
Lake_13,58486,Rotifera,Eurotatoria,Ploima,Brachionidae,Kellicottia,Omnivorous,1,17.33333333,0.057692308
Lake_13,aaaaa,Rotifera,Eurotatoria,Ploima,Brachionidae,Keratella,Herbivores,1,17.33333333,0.057692308
Lake_13,59255,Rotifera,Eurotatoria,Ploima,Synchaetidae,Synchaeta,Predaceous,1,17.33333333,0.057692308
Lake_13,88634,Arthropoda,Maxillopoda,Cyclopoida,Cyclopidae,,Predaceous,1,17.33333333,0.057692308
Lake_13,58352,Rotifera,Eurotatoria,Ploima,Brachionidae,Keratella,Herbivores,4,17.33333333,0.230769231
Lake_13,125904,Arthropoda,Insecta,Diptera,Chaoboridae,Chaoborus,Predaceous,6,17.33333333,0.346153846
Lake_13,88634,Arthropoda,Maxillopoda,Cyclopoida,Cyclopidae,,Predaceous,6,17.33333333,0.346153846
Lake_13,85779,Arthropoda,Maxillopoda,Calanoida,Diaptomidae,,Herbivores,8,17.33333333,0.461538462
Lake_13,aaaaa,Rotifera,Eurotatoria,Ploima,Brachionidae,Keratella,Herbivores,11,17.33333333,0.634615385
Lake_13,59270,Rotifera,Eurotatoria,Ploima,Synchaetidae,Polyarthra,Omnivorous,25,17.33333333,1.442307692
Lake_13,83874,Arthropoda,Branchiopoda,Diplostraca,Daphniidae,Daphnia,Herbivores,130,17.33333333,7.5
Lake_13,59411,Rotifera,Eurotatoria,Flosculariaceae,Conochilidae,,Herbivores,105,17.33333333,6.057692308
Lake_14,59175,Rotifera,Eurotatoria,Ploima,Gastropodidae,Gastropus,Herbivores,1,68.10888036,0.014682373
Lake_14,58578,Rotifera,Eurotatoria,Ploima,Euchlanidae,Euchlanis,Herbivores,1,68.10888036,0.014682373
Lake_14,59235,Rotifera,Eurotatoria,Ploima,Asplanchnidae,Asplanchna,Omnivorous,1,68.10888036,0.014682373
Lake_14,59282,Rotifera,Eurotatoria,Ploima,Synchaetidae,Ploesoma,Predaceous,1,68.10888036,0.014682373
Lake_14,88599,Arthropoda,Maxillopoda,Poecilostomatoida,Ergasilidae,Ergasilus,Omnivorous,1,68.10888036,0.014682373
Lake_14,83905,Arthropoda,Branchiopoda,Diplostraca,Daphniidae,Ceriodaphnia,Herbivores,1,68.10888036,0.014682373
Lake_14,58486,Rotifera,Eurotatoria,Ploima,Brachionidae,Kellicottia,Omnivorous,2,68.10888036,0.029364746
Lake_14,aaaaa,Rotifera,Eurotatoria,Ploima,Brachionidae,Keratella,Herbivores,2,68.10888036,0.029364746
Lake_14,83937,Arthropoda,Branchiopoda,Diplostraca,Bosminidae,Eubosmina,Herbivores,1,68.10888036,0.014682373
Lake_14,aaaaa,Rotifera,Eurotatoria,Ploima,Brachionidae,Keratella,Herbivores,3,68.10888036,0.04404712
Lake_14,59270,Rotifera,Eurotatoria,Ploima,Synchaetidae,Polyarthra,Omnivorous,2,68.10888036,0.029364746
Lake_14,59322,Rotifera,Eurotatoria,Flosculariaceae,Testudinellidae,Pompholyx,Herbivores,3,68.10888036,0.04404712
Lake_14,88634,Arthropoda,Maxillopoda,Cyclopoida,Cyclopidae,,Predaceous,1,68.10888036,0.014682373
Lake_14,88634,Arthropoda,Maxillopoda,Cyclopoida,Cyclopidae,,Predaceous,3,68.10888036,0.04404712
Lake_14,59270,Rotifera,Eurotatoria,Ploima,Synchaetidae,Polyarthra,Omnivorous,6,68.10888036,0.088094239
Lake_14,59270,Rotifera,Eurotatoria,Ploima,Synchaetidae,Polyarthra,Omnivorous,8,68.10888036,0.117458986
Lake_14,aaaaa,Rotifera,Eurotatoria,Ploima,Brachionidae,Keratella,Herbivores,6,68.10888036,0.088094239
Lake_14,88634,Arthropoda,Maxillopoda,Cyclopoida,Cyclopidae,,Predaceous,3,68.10888036,0.04404712
Lake_14,aaaaa,Rotifera,Eurotatoria,Ploima,Brachionidae,Keratella,Herbivores,8,68.10888036,0.117458986
Lake_14,83905,Arthropoda,Branchiopoda,Diplostraca,Daphniidae,Ceriodaphnia,Herbivores,3,68.10888036,0.04404712
Lake_14,58487,Rotifera,Eurotatoria,Ploima,Brachionidae,Kellicottia,Omnivorous,15,68.10888036,0.220235598
Lake_14,aaaaa,Rotifera,Eurotatoria,Ploima,Brachionidae,Keratella,Herbivores,15,68.10888036,0.220235598
Lake_14,88634,Arthropoda,Maxillopoda,Cyclopoida,Cyclopidae,,Predaceous,5,68.10888036,0.073411866
Lake_14,58487,Rotifera,Eurotatoria,Ploima,Brachionidae,Kellicottia,Omnivorous,12,68.10888036,0.176188478
Lake_14,bbbbb,Arthropoda,Branchiopoda,Diplostraca,Daphniidae,Daphnia,Herbivores,8,68.10888036,0.117458986
Lake_14,88634,Arthropoda,Maxillopoda,Cyclopoida,Cyclopidae,,Predaceous,5,68.10888036,0.073411866
Lake_14,58487,Rotifera,Eurotatoria,Ploima,Brachionidae,Kellicottia,Omnivorous,17,68.10888036,0.249600344
Lake_14,83874,Arthropoda,Branchiopoda,Diplostraca,Daphniidae,Daphnia,Herbivores,6,68.10888036,0.088094239
Lake_14,85779,Arthropoda,Maxillopoda,Calanoida,Diaptomidae,,Herbivores,7,68.10888036,0.102776612
Lake_14,85779,Arthropoda,Maxillopoda,Calanoida,Diaptomidae,,Herbivores,10,68.10888036,0.146823732
Lake_14,83837,Arthropoda,Branchiopoda,Diplostraca,Sididae,Diaphanosoma,Herbivores,11,68.10888036,0.161506105
Lake_14,59425,Rotifera,Eurotatoria,Flosculariaceae,Filiniidae,Filinia,Omnivorous,21,68.10888036,0.308329837
Lake_14,bbbbb,Arthropoda,Branchiopoda,Diplostraca,Daphniidae,Daphnia,Herbivores,8,68.10888036,0.117458986
Lake_14,83879,Arthropoda,Branchiopoda,Diplostraca,Daphniidae,Daphnia,Herbivores,12,68.10888036,0.176188478
Lake_14,83837,Arthropoda,Branchiopoda,Diplostraca,Sididae,Diaphanosoma,Herbivores,10,68.10888036,0.146823732
Lake_14,83879,Arthropoda,Branchiopoda,Diplostraca,Daphniidae,Daphnia,Herbivores,22,68.10888036,0.323012211
Lake_14,bbbbb,Arthropoda,Branchiopoda,Diplostraca,Daphniidae,Daphnia,Herbivores,19,68.10888036,0.278965091
Lake_14,83879,Arthropoda,Branchiopoda,Diplostraca,Daphniidae,Daphnia,Herbivores,16,68.10888036,0.234917971
Lake_14,85779,Arthropoda,Maxillopoda,Calanoida,Diaptomidae,,Herbivores,17,68.10888036,0.249600344
Lake_15,bbbbb,Arthropoda,Branchiopoda,Diplostraca,Daphniidae,Daphnia,Herbivores,4,744.7334568,0.005371049
Lake_15,59235,Rotifera,Eurotatoria,Ploima,Asplanchnidae,Asplanchna,Omnivorous,4,744.7334568,0.005371049
Lake_15,58445,Rotifera,Eurotatoria,Ploima,Brachionidae,Brachionus,Omnivorous,4,744.7334568,0.005371049
Lake_15,59270,Rotifera,Eurotatoria,Ploima,Synchaetidae,Polyarthra,Omnivorous,4,744.7334568,0.005371049
Lake_15,85779,Arthropoda,Maxillopoda,Calanoida,Diaptomidae,,Herbivores,11,744.7334568,0.014770385
Lake_15,88634,Arthropoda,Maxillopoda,Cyclopoida,Cyclopidae,,Predaceous,11,744.7334568,0.014770385
Lake_15,59411,Rotifera,Eurotatoria,Flosculariaceae,Conochilidae,,Herbivores,7,744.7334568,0.009399336
Lake_15,59074,Rotifera,Eurotatoria,Ploima,Trichocercidae,Trichocerca,Predaceous,15,744.7334568,0.020141434
Lake_15,83837,Arthropoda,Branchiopoda,Diplostraca,Sididae,Diaphanosoma,Herbivores,52,744.7334568,0.069823639
Lake_15,aaaaa,Rotifera,Eurotatoria,Ploima,Brachionidae,Keratella,Herbivores,189,744.7334568,0.253782072
Lake_16,58578,Rotifera,Eurotatoria,Ploima,Euchlanidae,Euchlanis,Herbivores,1,18.49883387,0.054057462
Lake_16,58352,Rotifera,Eurotatoria,Ploima,Brachionidae,Keratella,Herbivores,2,18.49883387,0.108114923
Lake_16,85855,Arthropoda,Maxillopoda,Calanoida,Temoridae,,Predaceous,1,18.49883387,0.054057462
Lake_16,58486,Rotifera,Eurotatoria,Ploima,Brachionidae,Kellicottia,Omnivorous,3,18.49883387,0.162172385
Lake_16,59255,Rotifera,Eurotatoria,Ploima,Synchaetidae,Synchaeta,Predaceous,4,18.49883387,0.216229846
Lake_16,83837,Arthropoda,Branchiopoda,Diplostraca,Sididae,Diaphanosoma,Herbivores,4,18.49883387,0.216229846
Lake_16,88634,Arthropoda,Maxillopoda,Cyclopoida,Cyclopidae,,Predaceous,5,18.49883387,0.270287308
Lake_16,83879,Arthropoda,Branchiopoda,Diplostraca,Daphniidae,Daphnia,Herbivores,7,18.49883387,0.378402231
Lake_16,59411,Rotifera,Eurotatoria,Flosculariaceae,Conochilidae,,Herbivores,13,18.49883387,0.702747
Lake_16,aaaaa,Rotifera,Eurotatoria,Ploima,Brachionidae,Keratella,Herbivores,13,18.49883387,0.702747
Lake_16,59434,Rotifera,Eurotatoria,Collothecaceae,Collothecidae,Collotheca,Herbivores,17,18.49883387,0.918976846
Lake_16,59270,Rotifera,Eurotatoria,Ploima,Synchaetidae,Polyarthra,Omnivorous,19,18.49883387,1.027091769
Lake_16,85779,Arthropoda,Maxillopoda,Calanoida,Diaptomidae,,Herbivores,21,18.49883387,1.135206692
Lake_16,59282,Rotifera,Eurotatoria,Ploima,Synchaetidae,Ploesoma,Predaceous,40,18.49883387,2.162298461
Lake_16,bbbbb,Arthropoda,Branchiopoda,Diplostraca,Daphniidae,Daphnia,Herbivores,38,18.49883387,2.054183538
Lake_16,88634,Arthropoda,Maxillopoda,Cyclopoida,Cyclopidae,,Predaceous,40,18.49883387,2.162298461
Lake_16,83874,Arthropoda,Branchiopoda,Diplostraca,Daphniidae,Daphnia,Herbivores,71,18.49883387,3.838079768
Lake_17,83837,Arthropoda,Branchiopoda,Diplostraca,Sididae,Diaphanosoma,Herbivores,2,6.29424307,0.317750678
Lake_17,aaaaa,Rotifera,Eurotatoria,Ploima,Brachionidae,Keratella,Herbivores,1,6.29424307,0.158875339
Lake_17,59255,Rotifera,Eurotatoria,Ploima,Synchaetidae,Synchaeta,Predaceous,1,6.29424307,0.158875339
Lake_17,88634,Arthropoda,Maxillopoda,Cyclopoida,Cyclopidae,,Predaceous,3,6.29424307,0.476626016
Lake_17,58352,Rotifera,Eurotatoria,Ploima,Brachionidae,Keratella,Herbivores,1,6.29424307,0.158875339
Lake_17,83879,Arthropoda,Branchiopoda,Diplostraca,Daphniidae,Daphnia,Herbivores,5,6.29424307,0.794376694
Lake_17,88634,Arthropoda,Maxillopoda,Cyclopoida,Cyclopidae,,Predaceous,5,6.29424307,0.794376694
Lake_17,88634,Arthropoda,Maxillopoda,Cyclopoida,Cyclopidae,,Predaceous,6,6.29424307,0.953252033
Lake_17,59425,Rotifera,Eurotatoria,Flosculariaceae,Filiniidae,Filinia,Omnivorous,2,6.29424307,0.317750678
Lake_17,59322,Rotifera,Eurotatoria,Flosculariaceae,Testudinellidae,Pompholyx,Herbivores,2,6.29424307,0.317750678
Lake_17,59074,Rotifera,Eurotatoria,Ploima,Trichocercidae,Trichocerca,Predaceous,3,6.29424307,0.476626016
Lake_17,59235,Rotifera,Eurotatoria,Ploima,Asplanchnidae,Asplanchna,Omnivorous,3,6.29424307,0.476626016
Lake_17,58486,Rotifera,Eurotatoria,Ploima,Brachionidae,Kellicottia,Omnivorous,4,6.29424307,0.635501355
Lake_17,59270,Rotifera,Eurotatoria,Ploima,Synchaetidae,Polyarthra,Omnivorous,4,6.29424307,0.635501355
Lake_17,85779,Arthropoda,Maxillopoda,Calanoida,Diaptomidae,,Herbivores,54,6.29424307,8.579268293
Lake_17,83874,Arthropoda,Branchiopoda,Diplostraca,Daphniidae,Daphnia,Herbivores,75,6.29424307,11.91565041
Lake_17,aaaaa,Rotifera,Eurotatoria,Ploima,Brachionidae,Keratella,Herbivores,34,6.29424307,5.401761518
Lake_17,59411,Rotifera,Eurotatoria,Flosculariaceae,Conochilidae,,Herbivores,95,6.29424307,15.09315718
Lake_18,83873,Arthropoda,Branchiopoda,Diplostraca,Daphniidae,Daphnia,Herbivores,1,47.43430137,0.02108179
Lake_18,83837,Arthropoda,Branchiopoda,Diplostraca,Sididae,Diaphanosoma,Herbivores,1,47.43430137,0.02108179
Lake_18,125923,Arthropoda,Insecta,Diptera,Chaoboridae,Chaoborus,Predaceous,4,47.43430137,0.084327162
Lake_18,88634,Arthropoda,Maxillopoda,Cyclopoida,Cyclopidae,,Predaceous,21,47.43430137,0.442717599
Lake_18,59270,Rotifera,Eurotatoria,Ploima,Synchaetidae,Polyarthra,Omnivorous,6,47.43430137,0.126490742
Lake_18,85779,Arthropoda,Maxillopoda,Calanoida,Diaptomidae,,Herbivores,81,47.43430137,1.707625024
Lake_18,59411,Rotifera,Eurotatoria,Flosculariaceae,Conochilidae,,Herbivores,8,47.43430137,0.168654323
Lake_18,58487,Rotifera,Eurotatoria,Ploima,Brachionidae,Kellicottia,Omnivorous,21,47.43430137,0.442717599
Lake_18,59255,Rotifera,Eurotatoria,Ploima,Synchaetidae,Synchaeta,Predaceous,26,47.43430137,0.548126551
Lake_18,59235,Rotifera,Eurotatoria,Ploima,Asplanchnidae,Asplanchna,Omnivorous,30,47.43430137,0.632453712
Lake_18,aaaaa,Rotifera,Eurotatoria,Ploima,Brachionidae,Keratella,Herbivores,102,47.43430137,2.150342622
Lake_19,83874,Arthropoda,Branchiopoda,Diplostraca,Daphniidae,Daphnia,Herbivores,1,40.43684211,0.024729923
Lake_19,bbbbb,Arthropoda,Branchiopoda,Diplostraca,Daphniidae,Daphnia,Herbivores,7,40.43684211,0.173109462
Lake_19,58486,Rotifera,Eurotatoria,Ploima,Brachionidae,Kellicottia,Omnivorous,1,40.43684211,0.024729923
Lake_19,aaaaa,Rotifera,Eurotatoria,Ploima,Brachionidae,Keratella,Herbivores,1,40.43684211,0.024729923
Lake_19,58633,Rotifera,Eurotatoria,Ploima,Lecanidae,,Herbivores,1,40.43684211,0.024729923
Lake_19,83905,Arthropoda,Branchiopoda,Diplostraca,Daphniidae,Ceriodaphnia,Herbivores,8,40.43684211,0.197839386
Lake_19,83837,Arthropoda,Branchiopoda,Diplostraca,Sididae,Diaphanosoma,Herbivores,9,40.43684211,0.222569309
Lake_19,88634,Arthropoda,Maxillopoda,Cyclopoida,Cyclopidae,,Predaceous,14,40.43684211,0.346218925
Lake_19,aaaaa,Rotifera,Eurotatoria,Ploima,Brachionidae,Keratella,Herbivores,2,40.43684211,0.049459846
Lake_19,83880,Arthropoda,Branchiopoda,Diplostraca,Daphniidae,Daphnia,Herbivores,16,40.43684211,0.395678771
Lake_19,125923,Arthropoda,Insecta,Diptera,Chaoboridae,Chaoborus,Predaceous,19,40.43684211,0.469868541
Lake_19,85779,Arthropoda,Maxillopoda,Calanoida,Diaptomidae,,Herbivores,25,40.43684211,0.61824808
Lake_19,88634,Arthropoda,Maxillopoda,Cyclopoida,Cyclopidae,,Predaceous,32,40.43684211,0.791357543
Lake_19,58559,Rotifera,Eurotatoria,Ploima,Brachionidae,Platyias,Predaceous,4,40.43684211,0.098919693
Lake_19,59270,Rotifera,Eurotatoria,Ploima,Synchaetidae,Polyarthra,Omnivorous,4,40.43684211,0.098919693
Lake_19,59411,Rotifera,Eurotatoria,Flosculariaceae,Conochilidae,,Herbivores,156,40.43684211,3.85786802
Lake_2,83837,Arthropoda,Branchiopoda,Diplostraca,Sididae,Diaphanosoma,Herbivores,1,40.97772829,0.0244035
Lake_2,aaaaa,Rotifera,Eurotatoria,Ploima,Brachionidae,Keratella,Herbivores,2,40.97772829,0.048807
Lake_2,88599,Arthropoda,Maxillopoda,Poecilostomatoida,Ergasilidae,Ergasilus,Omnivorous,1,40.97772829,0.0244035
Lake_2,59411,Rotifera,Eurotatoria,Flosculariaceae,Conochilidae,,Herbivores,4,40.97772829,0.097614001
Lake_2,58486,Rotifera,Eurotatoria,Ploima,Brachionidae,Kellicottia,Omnivorous,5,40.97772829,0.122017501
Lake_2,83973,Arthropoda,Branchiopoda,Diplostraca,Chydoridae,,Herbivores,2,40.97772829,0.048807
Lake_2,83936,Arthropoda,Branchiopoda,Diplostraca,Bosminidae,Bosmina,Herbivores,3,40.97772829,0.073210501
Lake_2,83905,Arthropoda,Branchiopoda,Diplostraca,Daphniidae,Ceriodaphnia,Herbivores,8,40.97772829,0.195228002
Lake_2,88634,Arthropoda,Maxillopoda,Cyclopoida,Cyclopidae,,Predaceous,9,40.97772829,0.219631502
Lake_2,85779,Arthropoda,Maxillopoda,Calanoida,Diaptomidae,,Herbivores,15,40.97772829,0.366052503
Lake_2,83874,Arthropoda,Branchiopoda,Diplostraca,Daphniidae,Daphnia,Herbivores,21,40.97772829,0.512473504
Lake_2,88634,Arthropoda,Maxillopoda,Cyclopoida,Cyclopidae,,Predaceous,27,40.97772829,0.658894505
Lake_2,59235,Rotifera,Eurotatoria,Ploima,Asplanchnidae,Asplanchna,Omnivorous,133,40.97772829,3.245665525
Lake_2,bbbbb,Arthropoda,Branchiopoda,Diplostraca,Daphniidae,Daphnia,Herbivores,69,40.97772829,1.683841513
Lake_20,59425,Rotifera,Eurotatoria,Flosculariaceae,Filiniidae,Filinia,Omnivorous,2,45.3,0.04415011
Lake_20,59074,Rotifera,Eurotatoria,Ploima,Trichocercidae,Trichocerca,Predaceous,4,45.3,0.088300221
Lake_20,58633,Rotifera,Eurotatoria,Ploima,Lecanidae,,Herbivores,4,45.3,0.088300221
Lake_20,59175,Rotifera,Eurotatoria,Ploima,Gastropodidae,Gastropus,Herbivores,6,45.3,0.132450331
Lake_20,59270,Rotifera,Eurotatoria,Ploima,Synchaetidae,Polyarthra,Omnivorous,8,45.3,0.176600442
Lake_20,59434,Rotifera,Eurotatoria,Collothecaceae,Collothecidae,Collotheca,Herbivores,11,45.3,0.242825607
Lake_20,58458,Rotifera,Eurotatoria,Ploima,Brachionidae,Brachionus,Omnivorous,17,45.3,0.375275938
Lake_20,aaaaa,Rotifera,Eurotatoria,Ploima,Brachionidae,Keratella,Herbivores,38,45.3,0.838852097
Lake_20,59235,Rotifera,Eurotatoria,Ploima,Asplanchnidae,Asplanchna,Omnivorous,81,45.3,1.78807947
Lake_20,59411,Rotifera,Eurotatoria,Flosculariaceae,Conochilidae,,Herbivores,131,45.3,2.89183223
Lake_21,58559,Rotifera,Eurotatoria,Ploima,Brachionidae,Platyias,Predaceous,1,8.95494186,0.111670183
Lake_21,58246,Rotifera,Eurotatoria,,,,Herbivores,1,8.95494186,0.111670183
Lake_21,58486,Rotifera,Eurotatoria,Ploima,Brachionidae,Kellicottia,Omnivorous,1,8.95494186,0.111670183
Lake_21,59235,Rotifera,Eurotatoria,Ploima,Asplanchnidae,Asplanchna,Omnivorous,1,8.95494186,0.111670183
Lake_21,58633,Rotifera,Eurotatoria,Ploima,Lecanidae,,Herbivores,1,8.95494186,0.111670183
Lake_21,59270,Rotifera,Eurotatoria,Ploima,Synchaetidae,Polyarthra,Omnivorous,1,8.95494186,0.111670183
Lake_21,59282,Rotifera,Eurotatoria,Ploima,Synchaetidae,Ploesoma,Predaceous,1,8.95494186,0.111670183
Lake_21,58458,Rotifera,Eurotatoria,Ploima,Brachionidae,Brachionus,Omnivorous,1,8.95494186,0.111670183
Lake_21,59235,Rotifera,Eurotatoria,Ploima,Asplanchnidae,Asplanchna,Omnivorous,1,8.95494186,0.111670183
Lake_21,83879,Arthropoda,Branchiopoda,Diplostraca,Daphniidae,Daphnia,Herbivores,1,8.95494186,0.111670183
Lake_21,83888,Arthropoda,Branchiopoda,Diplostraca,Daphniidae,Daphnia,Herbivores,2,8.95494186,0.223340367
Lake_21,88634,Arthropoda,Maxillopoda,Cyclopoida,Cyclopidae,,Predaceous,1,8.95494186,0.111670183
Lake_21,127917,Arthropoda,Insecta,Diptera,Chironomidae,,Predaceous,1,8.95494186,0.111670183
Lake_21,58487,Rotifera,Eurotatoria,Ploima,Brachionidae,Kellicottia,Omnivorous,2,8.95494186,0.223340367
Lake_21,59322,Rotifera,Eurotatoria,Flosculariaceae,Testudinellidae,Pompholyx,Herbivores,3,8.95494186,0.33501055
Lake_21,59297,Rotifera,Eurotatoria,Flosculariaceae,Testudinellidae,Testudinella,Herbivores,4,8.95494186,0.446680734
Lake_21,83874,Arthropoda,Branchiopoda,Diplostraca,Daphniidae,Daphnia,Herbivores,2,8.95494186,0.223340367
Lake_21,88599,Arthropoda,Maxillopoda,Poecilostomatoida,Ergasilidae,Ergasilus,Omnivorous,2,8.95494186,0.223340367
Lake_21,83837,Arthropoda,Branchiopoda,Diplostraca,Sididae,Diaphanosoma,Herbivores,6,8.95494186,0.6700211
Lake_21,59074,Rotifera,Eurotatoria,Ploima,Trichocercidae,Trichocerca,Predaceous,17,8.95494186,1.898393118
Lake_21,aaaaa,Rotifera,Eurotatoria,Ploima,Brachionidae,Keratella,Herbivores,18,8.95494186,2.010063301
Lake_21,58486,Rotifera,Eurotatoria,Ploima,Brachionidae,Kellicottia,Omnivorous,22,8.95494186,2.456744035
Lake_21,88634,Arthropoda,Maxillopoda,Cyclopoida,Cyclopidae,,Predaceous,46,8.95494186,5.136828437
Lake_21,88634,Arthropoda,Maxillopoda,Cyclopoida,Cyclopidae,,Predaceous,46,8.95494186,5.136828437
Lake_21,125923,Arthropoda,Insecta,Diptera,Chaoboridae,Chaoborus,Predaceous,36,8.95494186,4.020126603
Lake_21,bbbbb,Arthropoda,Branchiopoda,Diplostraca,Daphniidae,Daphnia,Herbivores,83,8.95494186,9.268625223
Lake_21,85779,Arthropoda,Maxillopoda,Calanoida,Diaptomidae,,Herbivores,1,8.95494186,0.111670183
Lake_21,59411,Rotifera,Eurotatoria,Flosculariaceae,Conochilidae,,Herbivores,1,8.95494186,0.111670183
Lake_21,aaaaa,Rotifera,Eurotatoria,Ploima,Brachionidae,Keratella,Herbivores,2,8.95494186,0.223340367
Lake_22,83837,Arthropoda,Branchiopoda,Diplostraca,Sididae,Diaphanosoma,Herbivores,1,9.310595745,0.107404513
Lake_22,88599,Arthropoda,Maxillopoda,Poecilostomatoida,Ergasilidae,Ergasilus,Omnivorous,1,9.310595745,0.107404513
Lake_22,88634,Arthropoda,Maxillopoda,Cyclopoida,Cyclopidae,,Predaceous,8,9.310595745,0.859236103
Lake_22,58486,Rotifera,Eurotatoria,Ploima,Brachionidae,Kellicottia,Omnivorous,1,9.310595745,0.107404513
Lake_22,58487,Rotifera,Eurotatoria,Ploima,Brachionidae,Kellicottia,Omnivorous,9,9.310595745,0.966640615
Lake_22,88634,Arthropoda,Maxillopoda,Cyclopoida,Cyclopidae,,Predaceous,11,9.310595745,1.181449641
Lake_22,59270,Rotifera,Eurotatoria,Ploima,Synchaetidae,Polyarthra,Omnivorous,3,9.310595745,0.322213538
Lake_22,83874,Arthropoda,Branchiopoda,Diplostraca,Daphniidae,Daphnia,Herbivores,3,9.310595745,0.322213538
Lake_22,88634,Arthropoda,Maxillopoda,Cyclopoida,Cyclopidae,,Predaceous,28,9.310595745,3.007326359
Lake_22,aaaaa,Rotifera,Eurotatoria,Ploima,Brachionidae,Keratella,Herbivores,5,9.310595745,0.537022564
Lake_22,59235,Rotifera,Eurotatoria,Ploima,Asplanchnidae,Asplanchna,Omnivorous,34,9.310595745,3.651753436
Lake_22,125923,Arthropoda,Insecta,Diptera,Chaoboridae,Chaoborus,Predaceous,8,9.310595745,0.859236103
Lake_22,59282,Rotifera,Eurotatoria,Ploima,Synchaetidae,Ploesoma,Predaceous,67,9.310595745,7.196102359
Lake_22,85779,Arthropoda,Maxillopoda,Calanoida,Diaptomidae,,Herbivores,17,9.310595745,1.825876718
Lake_22,59074,Rotifera,Eurotatoria,Ploima,Trichocercidae,Trichocerca,Predaceous,101,9.310595745,10.84785579
Lake_22,bbbbb,Arthropoda,Branchiopoda,Diplostraca,Daphniidae,Daphnia,Herbivores,1,9.310595745,0.107404513
Lake_22,aaaaa,Rotifera,Eurotatoria,Ploima,Brachionidae,Keratella,Herbivores,2,9.310595745,0.214809026
Lake_22,59411,Rotifera,Eurotatoria,Flosculariaceae,Conochilidae,,Herbivores,2,9.310595745,0.214809026
Lake_23,83873,Arthropoda,Branchiopoda,Diplostraca,Daphniidae,Daphnia,Herbivores,2,88.86792453,0.022505308
Lake_23,88634,Arthropoda,Maxillopoda,Cyclopoida,Cyclopidae,,Predaceous,2,88.86792453,0.022505308
Lake_23,58525,Rotifera,Eurotatoria,Ploima,Brachionidae,Anuraeopsis,Herbivores,2,88.86792453,0.022505308
Lake_23,aaaaa,Rotifera,Eurotatoria,Ploima,Brachionidae,Keratella,Herbivores,6,88.86792453,0.067515924
Lake_23,58633,Rotifera,Eurotatoria,Ploima,Lecanidae,,Herbivores,8,88.86792453,0.090021231
Lake_23,59411,Rotifera,Eurotatoria,Flosculariaceae,Conochilidae,,Herbivores,8,88.86792453,0.090021231
Lake_23,59322,Rotifera,Eurotatoria,Flosculariaceae,Testudinellidae,Pompholyx,Herbivores,71,88.86792453,0.798938429
Lake_23,59270,Rotifera,Eurotatoria,Ploima,Synchaetidae,Polyarthra,Omnivorous,198,88.86792453,2.228025478
Lake_23,59074,Rotifera,Eurotatoria,Ploima,Trichocercidae,Trichocerca,Predaceous,1,88.86792453,0.011252654
Lake_23,ddddd,Arthropoda,Insecta,Diptera,Chaoboridae,Chaoborus,Predaceous,1,88.86792453,0.011252654
Lake_23,125923,Arthropoda,Insecta,Diptera,Chaoboridae,Chaoborus,Predaceous,1,88.86792453,0.011252654
Lake_24,aaaaa,Rotifera,Eurotatoria,Ploima,Brachionidae,Keratella,Herbivores,1,12.61645877,0.079261544
Lake_24,59270,Rotifera,Eurotatoria,Ploima,Synchaetidae,Polyarthra,Omnivorous,2,12.61645877,0.158523088
Lake_24,ddddd,Arthropoda,Insecta,Diptera,Chaoboridae,Chaoborus,Predaceous,3,12.61645877,0.237784631
Lake_24,83874,Arthropoda,Branchiopoda,Diplostraca,Daphniidae,Daphnia,Herbivores,2,12.61645877,0.158523088
Lake_24,125923,Arthropoda,Insecta,Diptera,Chaoboridae,Chaoborus,Predaceous,3,12.61645877,0.237784631
Lake_24,58486,Rotifera,Eurotatoria,Ploima,Brachionidae,Kellicottia,Omnivorous,3,12.61645877,0.237784631
Lake_24,58487,Rotifera,Eurotatoria,Ploima,Brachionidae,Kellicottia,Omnivorous,5,12.61645877,0.396307719
Lake_24,bbbbb,Arthropoda,Branchiopoda,Diplostraca,Daphniidae,Daphnia,Herbivores,3,12.61645877,0.237784631
Lake_24,83874,Arthropoda,Branchiopoda,Diplostraca,Daphniidae,Daphnia,Herbivores,2,12.61645877,0.158523088
Lake_24,59411,Rotifera,Eurotatoria,Flosculariaceae,Conochilidae,,Herbivores,3,12.61645877,0.237784631
Lake_24,88634,Arthropoda,Maxillopoda,Cyclopoida,Cyclopidae,,Predaceous,6,12.61645877,0.475569263
Lake_24,59235,Rotifera,Eurotatoria,Ploima,Asplanchnidae,Asplanchna,Omnivorous,8,12.61645877,0.634092351
Lake_24,bbbbb,Arthropoda,Branchiopoda,Diplostraca,Daphniidae,Daphnia,Herbivores,5,12.61645877,0.396307719
Lake_24,58487,Rotifera,Eurotatoria,Ploima,Brachionidae,Kellicottia,Omnivorous,6,12.61645877,0.475569263
Lake_24,59235,Rotifera,Eurotatoria,Ploima,Asplanchnidae,Asplanchna,Omnivorous,5,12.61645877,0.396307719
Lake_24,88634,Arthropoda,Maxillopoda,Cyclopoida,Cyclopidae,,Predaceous,7,12.61645877,0.554830807
Lake_24,88634,Arthropoda,Maxillopoda,Cyclopoida,Cyclopidae,,Predaceous,5,12.61645877,0.396307719
Lake_24,83837,Arthropoda,Branchiopoda,Diplostraca,Sididae,Diaphanosoma,Herbivores,8,12.61645877,0.634092351
Lake_24,83837,Arthropoda,Branchiopoda,Diplostraca,Sididae,Diaphanosoma,Herbivores,16,12.61645877,1.268184701
Lake_24,aaaaa,Rotifera,Eurotatoria,Ploima,Brachionidae,Keratella,Herbivores,18,12.61645877,1.426707789
Lake_24,58486,Rotifera,Eurotatoria,Ploima,Brachionidae,Kellicottia,Omnivorous,22,12.61645877,1.743753964
Lake_24,88634,Arthropoda,Maxillopoda,Cyclopoida,Cyclopidae,,Predaceous,49,12.61645877,3.883815647
Lake_24,83879,Arthropoda,Branchiopoda,Diplostraca,Daphniidae,Daphnia,Herbivores,28,12.61645877,2.219323227
Lake_24,85779,Arthropoda,Maxillopoda,Calanoida,Diaptomidae,,Herbivores,33,12.61645877,2.615630946
Lake_24,aaaaa,Rotifera,Eurotatoria,Ploima,Brachionidae,Keratella,Herbivores,24,12.61645877,1.902277052
Lake_24,85779,Arthropoda,Maxillopoda,Calanoida,Diaptomidae,,Herbivores,30,12.61645877,2.377846315
Lake_24,83879,Arthropoda,Branchiopoda,Diplostraca,Daphniidae,Daphnia,Herbivores,2,12.61645877,0.158523088
Lake_24,59411,Rotifera,Eurotatoria,Flosculariaceae,Conochilidae,,Herbivores,2,12.61645877,0.158523088
Lake_24,aaaaa,Rotifera,Eurotatoria,Ploima,Brachionidae,Keratella,Herbivores,2,12.61645877,0.158523088
Lake_25,83936,Arthropoda,Branchiopoda,Diplostraca,Bosminidae,Bosmina,Herbivores,3,148.2724415,0.020233025
Lake_25,83873,Arthropoda,Branchiopoda,Diplostraca,Daphniidae,Daphnia,Herbivores,1,148.2724415,0.006744342
Lake_25,85779,Arthropoda,Maxillopoda,Calanoida,Diaptomidae,,Herbivores,1,148.2724415,0.006744342
Lake_25,83905,Arthropoda,Branchiopoda,Diplostraca,Daphniidae,Ceriodaphnia,Herbivores,1,148.2724415,0.006744342
Lake_25,59167,Rotifera,Eurotatoria,Ploima,Gastropodidae,Ascomorpha,Herbivores,2,148.2724415,0.013488683
Lake_25,59425,Rotifera,Eurotatoria,Flosculariaceae,Filiniidae,Filinia,Omnivorous,2,148.2724415,0.013488683
Lake_25,59282,Rotifera,Eurotatoria,Ploima,Synchaetidae,Ploesoma,Predaceous,8,148.2724415,0.053954733
Lake_25,58352,Rotifera,Eurotatoria,Ploima,Brachionidae,Keratella,Herbivores,4,148.2724415,0.026977367
Lake_25,59322,Rotifera,Eurotatoria,Flosculariaceae,Testudinellidae,Pompholyx,Herbivores,4,148.2724415,0.026977367
Lake_25,88634,Arthropoda,Maxillopoda,Cyclopoida,Cyclopidae,,Predaceous,5,148.2724415,0.033721708
Lake_25,59235,Rotifera,Eurotatoria,Ploima,Asplanchnidae,Asplanchna,Omnivorous,7,148.2724415,0.047210391
Lake_25,58487,Rotifera,Eurotatoria,Ploima,Brachionidae,Kellicottia,Omnivorous,12,148.2724415,0.0809321
Lake_25,aaaaa,Rotifera,Eurotatoria,Ploima,Brachionidae,Keratella,Herbivores,15,148.2724415,0.101165124
Lake_25,59411,Rotifera,Eurotatoria,Flosculariaceae,Conochilidae,,Herbivores,28,148.2724415,0.188841566
Lake_25,59074,Rotifera,Eurotatoria,Ploima,Trichocercidae,Trichocerca,Predaceous,31,148.2724415,0.209074591
Lake_25,59270,Rotifera,Eurotatoria,Ploima,Synchaetidae,Polyarthra,Omnivorous,170,148.2724415,1.146538078
Lake_25,59350,Rotifera,Eurotatoria,Flosculariaceae,Hexarthridae,Hexarthra,Omnivorous,1,148.2724415,0.006744342
Lake_25,59255,Rotifera,Eurotatoria,Ploima,Synchaetidae,Synchaeta,Predaceous,2,148.2724415,0.013488683
Lake_25,aaaaa,Rotifera,Eurotatoria,Ploima,Brachionidae,Keratella,Herbivores,1,148.2724415,0.006744342
Lake_26,59297,Rotifera,Eurotatoria,Flosculariaceae,Testudinellidae,Testudinella,Herbivores,2,22.21314741,0.090036768
Lake_26,58486,Rotifera,Eurotatoria,Ploima,Brachionidae,Kellicottia,Omnivorous,16,22.21314741,0.720294144
Lake_26,83905,Arthropoda,Branchiopoda,Diplostraca,Daphniidae,Ceriodaphnia,Herbivores,1,22.21314741,0.045018384
Lake_26,88634,Arthropoda,Maxillopoda,Cyclopoida,Cyclopidae,,Predaceous,56,22.21314741,2.521029504
Lake_26,58352,Rotifera,Eurotatoria,Ploima,Brachionidae,Keratella,Herbivores,8,22.21314741,0.360147072
Lake_26,aaaaa,Rotifera,Eurotatoria,Ploima,Brachionidae,Keratella,Herbivores,1,22.21314741,0.045018384
Lake_26,59270,Rotifera,Eurotatoria,Ploima,Synchaetidae,Polyarthra,Omnivorous,11,22.21314741,0.495202224
Lake_26,83937,Arthropoda,Branchiopoda,Diplostraca,Bosminidae,Eubosmina,Herbivores,11,22.21314741,0.495202224
Lake_26,88634,Arthropoda,Maxillopoda,Cyclopoida,Cyclopidae,,Predaceous,56,22.21314741,2.521029504
Lake_26,83879,Arthropoda,Branchiopoda,Diplostraca,Daphniidae,Daphnia,Herbivores,12,22.21314741,0.540220608
Lake_26,59322,Rotifera,Eurotatoria,Flosculariaceae,Testudinellidae,Pompholyx,Herbivores,9,22.21314741,0.405165456
Lake_26,bbbbb,Arthropoda,Branchiopoda,Diplostraca,Daphniidae,Daphnia,Herbivores,21,22.21314741,0.945386064
Lake_26,aaaaa,Rotifera,Eurotatoria,Ploima,Brachionidae,Keratella,Herbivores,39,22.21314741,1.755716976
Lake_26,85779,Arthropoda,Maxillopoda,Calanoida,Diaptomidae,,Herbivores,1,22.21314741,0.045018384
Lake_26,83874,Arthropoda,Branchiopoda,Diplostraca,Daphniidae,Daphnia,Herbivores,36,22.21314741,1.620661824
Lake_26,58487,Rotifera,Eurotatoria,Ploima,Brachionidae,Kellicottia,Omnivorous,18,22.21314741,0.810330912
Lake_26,88634,Arthropoda,Maxillopoda,Cyclopoida,Cyclopidae,,Predaceous,16,22.21314741,0.720294144
Lake_26,83837,Arthropoda,Branchiopoda,Diplostraca,Sididae,Diaphanosoma,Herbivores,1,22.21314741,0.045018384
Lake_27,83905,Arthropoda,Branchiopoda,Diplostraca,Daphniidae,Ceriodaphnia,Herbivores,1,3.056109215,0.327213437
Lake_27,58445,Rotifera,Eurotatoria,Ploima,Brachionidae,Brachionus,Omnivorous,10,3.056109215,3.27213437
Lake_27,58487,Rotifera,Eurotatoria,Ploima,Brachionidae,Kellicottia,Omnivorous,14,3.056109215,4.580988118
Lake_27,59322,Rotifera,Eurotatoria,Flosculariaceae,Testudinellidae,Pompholyx,Herbivores,19,3.056109215,6.217055302
Lake_27,83837,Arthropoda,Branchiopoda,Diplostraca,Sididae,Diaphanosoma,Herbivores,21,3.056109215,6.871482176
Lake_27,88634,Arthropoda,Maxillopoda,Cyclopoida,Cyclopidae,,Predaceous,127,3.056109215,41.5561065
Lake_27,83937,Arthropoda,Branchiopoda,Diplostraca,Bosminidae,Eubosmina,Herbivores,103,3.056109215,33.70298401
Lake_27,85779,Arthropoda,Maxillopoda,Calanoida,Diaptomidae,,Herbivores,1,3.056109215,0.327213437
Lake_27,83879,Arthropoda,Branchiopoda,Diplostraca,Daphniidae,Daphnia,Herbivores,4,3.056109215,1.308853748
Lake_27,aaaaa,Rotifera,Eurotatoria,Ploima,Brachionidae,Keratella,Herbivores,12,3.056109215,3.926561244
Lake_28,58486,Rotifera,Eurotatoria,Ploima,Brachionidae,Kellicottia,Omnivorous,22,3.811881818,5.771427617
Lake_28,59270,Rotifera,Eurotatoria,Ploima,Synchaetidae,Polyarthra,Omnivorous,79,3.811881818,20.7246719
Lake_28,83880,Arthropoda,Branchiopoda,Diplostraca,Daphniidae,Daphnia,Herbivores,79,3.811881818,20.7246719
Lake_28,59322,Rotifera,Eurotatoria,Flosculariaceae,Testudinellidae,Pompholyx,Herbivores,103,3.811881818,27.02077475
Lake_28,83905,Arthropoda,Branchiopoda,Diplostraca,Daphniidae,Ceriodaphnia,Herbivores,1,3.811881818,0.262337619
Lake_28,59411,Rotifera,Eurotatoria,Flosculariaceae,Conochilidae,,Herbivores,1,3.811881818,0.262337619
Lake_28,58445,Rotifera,Eurotatoria,Ploima,Brachionidae,Brachionus,Omnivorous,2,3.811881818,0.524675238
Lake_29,59350,Rotifera,Eurotatoria,Flosculariaceae,Hexarthridae,Hexarthra,Omnivorous,2,25.62992126,0.078033794
Lake_29,58559,Rotifera,Eurotatoria,Ploima,Brachionidae,Platyias,Predaceous,2,25.62992126,0.078033794
Lake_29,58445,Rotifera,Eurotatoria,Ploima,Brachionidae,Brachionus,Omnivorous,1,25.62992126,0.039016897
Lake_29,59425,Rotifera,Eurotatoria,Flosculariaceae,Filiniidae,Filinia,Omnivorous,3,25.62992126,0.117050691
Lake_29,59411,Rotifera,Eurotatoria,Flosculariaceae,Conochilidae,,Herbivores,3,25.62992126,0.117050691
Lake_29,88599,Arthropoda,Maxillopoda,Poecilostomatoida,Ergasilidae,Ergasilus,Omnivorous,4,25.62992126,0.156067588
Lake_29,58487,Rotifera,Eurotatoria,Ploima,Brachionidae,Kellicottia,Omnivorous,2,25.62992126,0.078033794
Lake_29,59270,Rotifera,Eurotatoria,Ploima,Synchaetidae,Polyarthra,Omnivorous,4,25.62992126,0.156067588
Lake_29,58486,Rotifera,Eurotatoria,Ploima,Brachionidae,Kellicottia,Omnivorous,50,25.62992126,1.950844854
Lake_29,125923,Arthropoda,Insecta,Diptera,Chaoboridae,Chaoborus,Predaceous,12,25.62992126,0.468202765
Lake_29,83937,Arthropoda,Branchiopoda,Diplostraca,Bosminidae,Eubosmina,Herbivores,56,25.62992126,2.184946237
Lake_29,aaaaa,Rotifera,Eurotatoria,Ploima,Brachionidae,Keratella,Herbivores,61,25.62992126,2.380030722
Lake_29,85779,Arthropoda,Maxillopoda,Calanoida,Diaptomidae,,Herbivores,97,25.62992126,3.784639017
Lake_29,88634,Arthropoda,Maxillopoda,Cyclopoida,Cyclopidae,,Predaceous,1,25.62992126,0.039016897
Lake_29,83837,Arthropoda,Branchiopoda,Diplostraca,Sididae,Diaphanosoma,Herbivores,1,25.62992126,0.039016897
Lake_29,83879,Arthropoda,Branchiopoda,Diplostraca,Daphniidae,Daphnia,Herbivores,1,25.62992126,0.039016897
Lake_3,58246,Rotifera,Eurotatoria,,,,Herbivores,1,21.68903733,0.046106242
Lake_3,58486,Rotifera,Eurotatoria,Ploima,Brachionidae,Kellicottia,Omnivorous,1,21.68903733,0.046106242
Lake_3,59411,Rotifera,Eurotatoria,Flosculariaceae,Conochilidae,,Herbivores,1,21.68903733,0.046106242
Lake_3,59297,Rotifera,Eurotatoria,Flosculariaceae,Testudinellidae,Testudinella,Herbivores,1,21.68903733,0.046106242
Lake_3,59074,Rotifera,Eurotatoria,Ploima,Trichocercidae,Trichocerca,Predaceous,1,21.68903733,0.046106242
Lake_3,83837,Arthropoda,Branchiopoda,Diplostraca,Sididae,Diaphanosoma,Herbivores,1,21.68903733,0.046106242
Lake_3,733321,Arthropoda,Arachnida,,,,Predaceous,1,21.68903733,0.046106242
Lake_3,58440,Rotifera,Eurotatoria,Ploima,Brachionidae,Brachionus,Omnivorous,1,21.68903733,0.046106242
Lake_3,59282,Rotifera,Eurotatoria,Ploima,Synchaetidae,Ploesoma,Predaceous,1,21.68903733,0.046106242
Lake_3,59297,Rotifera,Eurotatoria,Flosculariaceae,Testudinellidae,Testudinella,Herbivores,2,21.68903733,0.092212484
Lake_3,125923,Arthropoda,Insecta,Diptera,Chaoboridae,Chaoborus,Predaceous,2,21.68903733,0.092212484
Lake_3,59322,Rotifera,Eurotatoria,Flosculariaceae,Testudinellidae,Pompholyx,Herbivores,2,21.68903733,0.092212484
Lake_3,59235,Rotifera,Eurotatoria,Ploima,Asplanchnidae,Asplanchna,Omnivorous,4,21.68903733,0.184424967
Lake_3,aaaaa,Rotifera,Eurotatoria,Ploima,Brachionidae,Keratella,Herbivores,5,21.68903733,0.230531209
Lake_3,aaaaa,Rotifera,Eurotatoria,Ploima,Brachionidae,Keratella,Herbivores,4,21.68903733,0.184424967
Lake_3,88634,Arthropoda,Maxillopoda,Cyclopoida,Cyclopidae,,Predaceous,37,21.68903733,1.705930948
Lake_3,88634,Arthropoda,Maxillopoda,Cyclopoida,Cyclopidae,,Predaceous,46,21.68903733,2.120887124
Lake_3,59074,Rotifera,Eurotatoria,Ploima,Trichocercidae,Trichocerca,Predaceous,23,21.68903733,1.060443562
Lake_3,59175,Rotifera,Eurotatoria,Ploima,Gastropodidae,Gastropus,Herbivores,37,21.68903733,1.705930948
Lake_3,59411,Rotifera,Eurotatoria,Flosculariaceae,Conochilidae,,Herbivores,39,21.68903733,1.798143431
Lake_3,59434,Rotifera,Eurotatoria,Collothecaceae,Collothecidae,Collotheca,Herbivores,49,21.68903733,2.259205849
Lake_3,85779,Arthropoda,Maxillopoda,Calanoida,Diaptomidae,,Herbivores,37,21.68903733,1.705930948
Lake_3,83874,Arthropoda,Branchiopoda,Diplostraca,Daphniidae,Daphnia,Herbivores,7,21.68903733,0.322743693
Lake_3,bbbbb,Arthropoda,Branchiopoda,Diplostraca,Daphniidae,Daphnia,Herbivores,1,21.68903733,0.046106242
Lake_3,58487,Rotifera,Eurotatoria,Ploima,Brachionidae,Kellicottia,Omnivorous,2,21.68903733,0.092212484
Lake_3,59270,Rotifera,Eurotatoria,Ploima,Synchaetidae,Polyarthra,Omnivorous,1,21.68903733,0.046106242
Lake_30,125923,Arthropoda,Insecta,Diptera,Chaoboridae,Chaoborus,Predaceous,1,16.26903226,0.061466471
Lake_30,88599,Arthropoda,Maxillopoda,Poecilostomatoida,Ergasilidae,Ergasilus,Omnivorous,1,16.26903226,0.061466471
Lake_30,59235,Rotifera,Eurotatoria,Ploima,Asplanchnidae,Asplanchna,Omnivorous,1,16.26903226,0.061466471
Lake_30,59175,Rotifera,Eurotatoria,Ploima,Gastropodidae,Gastropus,Herbivores,2,16.26903226,0.122932942
Lake_30,59074,Rotifera,Eurotatoria,Ploima,Trichocercidae,Trichocerca,Predaceous,4,16.26903226,0.245865884
Lake_30,58445,Rotifera,Eurotatoria,Ploima,Brachionidae,Brachionus,Omnivorous,13,16.26903226,0.799064123
Lake_30,59270,Rotifera,Eurotatoria,Ploima,Synchaetidae,Polyarthra,Omnivorous,14,16.26903226,0.860530594
Lake_30,59434,Rotifera,Eurotatoria,Collothecaceae,Collothecidae,Collotheca,Herbivores,4,16.26903226,0.245865884
Lake_30,88634,Arthropoda,Maxillopoda,Cyclopoida,Cyclopidae,,Predaceous,5,16.26903226,0.307332355
Lake_30,83874,Arthropoda,Branchiopoda,Diplostraca,Daphniidae,Daphnia,Herbivores,18,16.26903226,1.106396479
Lake_30,58352,Rotifera,Eurotatoria,Ploima,Brachionidae,Keratella,Herbivores,32,16.26903226,1.966927073
Lake_30,aaaaa,Rotifera,Eurotatoria,Ploima,Brachionidae,Keratella,Herbivores,13,16.26903226,0.799064123
Lake_30,88634,Arthropoda,Maxillopoda,Cyclopoida,Cyclopidae,,Predaceous,79,16.26903226,4.855851211
Lake_30,85779,Arthropoda,Maxillopoda,Calanoida,Diaptomidae,,Herbivores,112,16.26903226,6.884244756
Lake_30,58486,Rotifera,Eurotatoria,Ploima,Brachionidae,Kellicottia,Omnivorous,1,16.26903226,0.061466471
Lake_30,bbbbb,Arthropoda,Branchiopoda,Diplostraca,Daphniidae,Daphnia,Herbivores,1,16.26903226,0.061466471
Lake_30,59411,Rotifera,Eurotatoria,Flosculariaceae,Conochilidae,,Herbivores,1,16.26903226,0.061466471
Lake_31,59235,Rotifera,Eurotatoria,Ploima,Asplanchnidae,Asplanchna,Omnivorous,1,11.76958904,0.084964734
Lake_31,58246,Rotifera,Eurotatoria,,,,Herbivores,2,11.76958904,0.169929468
Lake_31,125923,Arthropoda,Insecta,Diptera,Chaoboridae,Chaoborus,Predaceous,2,11.76958904,0.169929468
Lake_31,58633,Rotifera,Eurotatoria,Ploima,Lecanidae,,Herbivores,2,11.76958904,0.169929468
Lake_31,88634,Arthropoda,Maxillopoda,Cyclopoida,Cyclopidae,,Predaceous,3,11.76958904,0.254894201
Lake_31,aaaaa,Rotifera,Eurotatoria,Ploima,Brachionidae,Keratella,Herbivores,3,11.76958904,0.254894201
Lake_31,59255,Rotifera,Eurotatoria,Ploima,Synchaetidae,Synchaeta,Predaceous,3,11.76958904,0.254894201
Lake_31,58486,Rotifera,Eurotatoria,Ploima,Brachionidae,Kellicottia,Omnivorous,3,11.76958904,0.254894201
Lake_31,bbbbb,Arthropoda,Branchiopoda,Diplostraca,Daphniidae,Daphnia,Herbivores,4,11.76958904,0.339858935
Lake_31,83837,Arthropoda,Branchiopoda,Diplostraca,Sididae,Diaphanosoma,Herbivores,8,11.76958904,0.679717871
Lake_31,59074,Rotifera,Eurotatoria,Ploima,Trichocercidae,Trichocerca,Predaceous,10,11.76958904,0.849647338
Lake_31,59270,Rotifera,Eurotatoria,Ploima,Synchaetidae,Polyarthra,Omnivorous,10,11.76958904,0.849647338
Lake_31,58352,Rotifera,Eurotatoria,Ploima,Brachionidae,Keratella,Herbivores,10,11.76958904,0.849647338
Lake_31,59425,Rotifera,Eurotatoria,Flosculariaceae,Filiniidae,Filinia,Omnivorous,13,11.76958904,1.10454154
Lake_31,88634,Arthropoda,Maxillopoda,Cyclopoida,Cyclopidae,,Predaceous,55,11.76958904,4.67306036
Lake_31,88634,Arthropoda,Maxillopoda,Cyclopoida,Cyclopidae,,Predaceous,68,11.76958904,5.777601899
Lake_31,59411,Rotifera,Eurotatoria,Flosculariaceae,Conochilidae,,Herbivores,104,11.76958904,8.836332317
Lake_31,83874,Arthropoda,Branchiopoda,Diplostraca,Daphniidae,Daphnia,Herbivores,1,11.76958904,0.084964734
Lake_31,aaaaa,Rotifera,Eurotatoria,Ploima,Brachionidae,Keratella,Herbivores,1,11.76958904,0.084964734
Lake_31,85779,Arthropoda,Maxillopoda,Calanoida,Diaptomidae,,Herbivores,1,11.76958904,0.084964734
Lake_32,125923,Arthropoda,Insecta,Diptera,Chaoboridae,Chaoborus,Predaceous,1,15.69750538,0.06370439
Lake_32,59074,Rotifera,Eurotatoria,Ploima,Trichocercidae,Trichocerca,Predaceous,2,15.69750538,0.127408779
Lake_32,88599,Arthropoda,Maxillopoda,Poecilostomatoida,Ergasilidae,Ergasilus,Omnivorous,2,15.69750538,0.127408779
Lake_32,59235,Rotifera,Eurotatoria,Ploima,Asplanchnidae,Asplanchna,Omnivorous,3,15.69750538,0.191113169
Lake_32,58486,Rotifera,Eurotatoria,Ploima,Brachionidae,Kellicottia,Omnivorous,3,15.69750538,0.191113169
Lake_32,59322,Rotifera,Eurotatoria,Flosculariaceae,Testudinellidae,Pompholyx,Herbivores,6,15.69750538,0.382226338
Lake_32,83937,Arthropoda,Branchiopoda,Diplostraca,Bosminidae,Eubosmina,Herbivores,6,15.69750538,0.382226338
Lake_32,aaaaa,Rotifera,Eurotatoria,Ploima,Brachionidae,Keratella,Herbivores,12,15.69750538,0.764452677
Lake_32,bbbbb,Arthropoda,Branchiopoda,Diplostraca,Daphniidae,Daphnia,Herbivores,21,15.69750538,1.337792184
Lake_32,58487,Rotifera,Eurotatoria,Ploima,Brachionidae,Kellicottia,Omnivorous,32,15.69750538,2.038540471
Lake_32,59270,Rotifera,Eurotatoria,Ploima,Synchaetidae,Polyarthra,Omnivorous,35,15.69750538,2.22965364
Lake_32,83837,Arthropoda,Branchiopoda,Diplostraca,Sididae,Diaphanosoma,Herbivores,43,15.69750538,2.739288758
Lake_32,aaaaa,Rotifera,Eurotatoria,Ploima,Brachionidae,Keratella,Herbivores,51,15.69750538,3.248923875
Lake_32,88634,Arthropoda,Maxillopoda,Cyclopoida,Cyclopidae,,Predaceous,80,15.69750538,5.096351177
Lake_32,85779,Arthropoda,Maxillopoda,Calanoida,Diaptomidae,,Herbivores,1,15.69750538,0.06370439
Lake_32,83879,Arthropoda,Branchiopoda,Diplostraca,Daphniidae,Daphnia,Herbivores,1,15.69750538,0.06370439
Lake_32,59411,Rotifera,Eurotatoria,Flosculariaceae,Conochilidae,,Herbivores,3,15.69750538,0.191113169
Lake_33,58487,Rotifera,Eurotatoria,Ploima,Brachionidae,Kellicottia,Omnivorous,6,3.483597122,1.722357606
Lake_33,125923,Arthropoda,Insecta,Diptera,Chaoboridae,Chaoborus,Predaceous,6,3.483597122,1.722357606
Lake_33,59425,Rotifera,Eurotatoria,Flosculariaceae,Filiniidae,Filinia,Omnivorous,6,3.483597122,1.722357606
Lake_33,88634,Arthropoda,Maxillopoda,Cyclopoida,Cyclopidae,,Predaceous,6,3.483597122,1.722357606
Lake_33,83937,Arthropoda,Branchiopoda,Diplostraca,Bosminidae,Eubosmina,Herbivores,13,3.483597122,3.731774813
Lake_33,bbbbb,Arthropoda,Branchiopoda,Diplostraca,Daphniidae,Daphnia,Herbivores,23,3.483597122,6.602370823
Lake_33,88634,Arthropoda,Maxillopoda,Cyclopoida,Cyclopidae,,Predaceous,19,3.483597122,5.454132419
Lake_33,aaaaa,Rotifera,Eurotatoria,Ploima,Brachionidae,Keratella,Herbivores,21,3.483597122,6.028251621
Lake_33,59411,Rotifera,Eurotatoria,Flosculariaceae,Conochilidae,,Herbivores,53,3.483597122,15.21415885
Lake_33,85779,Arthropoda,Maxillopoda,Calanoida,Diaptomidae,,Herbivores,32,3.483597122,9.185907232
Lake_33,83837,Arthropoda,Branchiopoda,Diplostraca,Sididae,Diaphanosoma,Herbivores,1,3.483597122,0.287059601
Lake_33,58486,Rotifera,Eurotatoria,Ploima,Brachionidae,Kellicottia,Omnivorous,123,3.483597122,35.30833092
Lake_33,83879,Arthropoda,Branchiopoda,Diplostraca,Daphniidae,Daphnia,Herbivores,1,3.483597122,0.287059601
Lake_34,83973,Arthropoda,Branchiopoda,Diplostraca,Chydoridae,,Herbivores,5,18.77402863,0.266325364
Lake_34,59235,Rotifera,Eurotatoria,Ploima,Asplanchnidae,Asplanchna,Omnivorous,4,18.77402863,0.213060291
Lake_34,58633,Rotifera,Eurotatoria,Ploima,Lecanidae,,Herbivores,22,18.77402863,1.1718316
Lake_34,aaaaa,Rotifera,Eurotatoria,Ploima,Brachionidae,Keratella,Herbivores,32,18.77402863,1.704482327
Lake_34,83905,Arthropoda,Branchiopoda,Diplostraca,Daphniidae,Ceriodaphnia,Herbivores,70,18.77402863,3.72855509
Lake_34,88634,Arthropoda,Maxillopoda,Cyclopoida,Cyclopidae,,Predaceous,72,18.77402863,3.835085235
Lake_34,bbbbb,Arthropoda,Branchiopoda,Diplostraca,Daphniidae,Daphnia,Herbivores,92,18.77402863,4.900386689
Lake_34,59411,Rotifera,Eurotatoria,Flosculariaceae,Conochilidae,,Herbivores,1,18.77402863,0.053265073
Lake_34,59434,Rotifera,Eurotatoria,Collothecaceae,Collothecidae,Collotheca,Herbivores,1,18.77402863,0.053265073
Lake_34,85779,Arthropoda,Maxillopoda,Calanoida,Diaptomidae,,Herbivores,2,18.77402863,0.106530145
Lake_35,125923,Arthropoda,Insecta,Diptera,Chaoboridae,Chaoborus,Predaceous,5,18.32264881,0.272886309
Lake_35,59074,Rotifera,Eurotatoria,Ploima,Trichocercidae,Trichocerca,Predaceous,3,18.32264881,0.163731785
Lake_35,58486,Rotifera,Eurotatoria,Ploima,Brachionidae,Kellicottia,Omnivorous,56,18.32264881,3.056326658
Lake_35,88634,Arthropoda,Maxillopoda,Cyclopoida,Cyclopidae,,Predaceous,68,18.32264881,3.711253799
Lake_35,59425,Rotifera,Eurotatoria,Flosculariaceae,Filiniidae,Filinia,Omnivorous,84,18.32264881,4.584489987
Lake_35,83874,Arthropoda,Branchiopoda,Diplostraca,Daphniidae,Daphnia,Herbivores,80,18.32264881,4.36618094
Lake_35,bbbbb,Arthropoda,Branchiopoda,Diplostraca,Daphniidae,Daphnia,Herbivores,1,18.32264881,0.054577262
Lake_35,85779,Arthropoda,Maxillopoda,Calanoida,Diaptomidae,,Herbivores,1,18.32264881,0.054577262
Lake_35,58352,Rotifera,Eurotatoria,Ploima,Brachionidae,Keratella,Herbivores,1,18.32264881,0.054577262
Lake_36,58525,Rotifera,Eurotatoria,Ploima,Brachionidae,Anuraeopsis,Herbivores,1,13.79300613,0.072500512
Lake_36,aaaaa,Rotifera,Eurotatoria,Ploima,Brachionidae,Keratella,Herbivores,1,13.79300613,0.072500512
Lake_36,59074,Rotifera,Eurotatoria,Ploima,Trichocercidae,Trichocerca,Predaceous,1,13.79300613,0.072500512
Lake_36,58246,Rotifera,Eurotatoria,,,,Herbivores,1,13.79300613,0.072500512
Lake_36,125923,Arthropoda,Insecta,Diptera,Chaoboridae,Chaoborus,Predaceous,4,13.79300613,0.290002046
Lake_36,83837,Arthropoda,Branchiopoda,Diplostraca,Sididae,Diaphanosoma,Herbivores,6,13.79300613,0.435003069
Lake_36,83937,Arthropoda,Branchiopoda,Diplostraca,Bosminidae,Eubosmina,Herbivores,7,13.79300613,0.507503581
Lake_36,59270,Rotifera,Eurotatoria,Ploima,Synchaetidae,Polyarthra,Omnivorous,7,13.79300613,0.507503581
Lake_36,aaaaa,Rotifera,Eurotatoria,Ploima,Brachionidae,Keratella,Herbivores,10,13.79300613,0.725005115
Lake_36,58352,Rotifera,Eurotatoria,Ploima,Brachionidae,Keratella,Herbivores,3,13.79300613,0.217501535
Lake_36,59255,Rotifera,Eurotatoria,Ploima,Synchaetidae,Synchaeta,Predaceous,30,13.79300613,2.175015345
Lake_36,59425,Rotifera,Eurotatoria,Flosculariaceae,Filiniidae,Filinia,Omnivorous,31,13.79300613,2.247515857
Lake_36,88634,Arthropoda,Maxillopoda,Cyclopoida,Cyclopidae,,Predaceous,44,13.79300613,3.190022506
Lake_36,aaaaa,Rotifera,Eurotatoria,Ploima,Brachionidae,Keratella,Herbivores,13,13.79300613,0.94250665
Lake_36,59411,Rotifera,Eurotatoria,Flosculariaceae,Conochilidae,,Herbivores,27,13.79300613,1.957513811
Lake_36,58486,Rotifera,Eurotatoria,Ploima,Brachionidae,Kellicottia,Omnivorous,29,13.79300613,2.102514834
Lake_36,85779,Arthropoda,Maxillopoda,Calanoida,Diaptomidae,,Herbivores,85,13.79300613,6.162543478
Lake_36,88634,Arthropoda,Maxillopoda,Cyclopoida,Cyclopidae,,Predaceous,1,13.79300613,0.072500512
Lake_36,bbbbb,Arthropoda,Branchiopoda,Diplostraca,Daphniidae,Daphnia,Herbivores,1,13.79300613,0.072500512
Lake_36,83874,Arthropoda,Branchiopoda,Diplostraca,Daphniidae,Daphnia,Herbivores,1,13.79300613,0.072500512
Lake_37,59074,Rotifera,Eurotatoria,Ploima,Trichocercidae,Trichocerca,Predaceous,1,23.68508772,0.042220658
Lake_37,125923,Arthropoda,Insecta,Diptera,Chaoboridae,Chaoborus,Predaceous,1,23.68508772,0.042220658
Lake_37,83879,Arthropoda,Branchiopoda,Diplostraca,Daphniidae,Daphnia,Herbivores,1,23.68508772,0.042220658
Lake_37,83837,Arthropoda,Branchiopoda,Diplostraca,Sididae,Diaphanosoma,Herbivores,1,23.68508772,0.042220658
Lake_37,59425,Rotifera,Eurotatoria,Flosculariaceae,Filiniidae,Filinia,Omnivorous,2,23.68508772,0.084441317
Lake_37,aaaaa,Rotifera,Eurotatoria,Ploima,Brachionidae,Keratella,Herbivores,3,23.68508772,0.126661975
Lake_37,59255,Rotifera,Eurotatoria,Ploima,Synchaetidae,Synchaeta,Predaceous,4,23.68508772,0.168882634
Lake_37,88634,Arthropoda,Maxillopoda,Cyclopoida,Cyclopidae,,Predaceous,5,23.68508772,0.211103292
Lake_37,733321,Arthropoda,Arachnida,,,,Predaceous,5,23.68508772,0.211103292
Lake_37,59282,Rotifera,Eurotatoria,Ploima,Synchaetidae,Ploesoma,Predaceous,7,23.68508772,0.295544609
Lake_37,59235,Rotifera,Eurotatoria,Ploima,Asplanchnidae,Asplanchna,Omnivorous,12,23.68508772,0.506647902
Lake_37,59270,Rotifera,Eurotatoria,Ploima,Synchaetidae,Polyarthra,Omnivorous,13,23.68508772,0.54886856
Lake_37,88634,Arthropoda,Maxillopoda,Cyclopoida,Cyclopidae,,Predaceous,13,23.68508772,0.54886856
Lake_37,59434,Rotifera,Eurotatoria,Collothecaceae,Collothecidae,Collotheca,Herbivores,27,23.68508772,1.139957779
Lake_37,58486,Rotifera,Eurotatoria,Ploima,Brachionidae,Kellicottia,Omnivorous,32,23.68508772,1.351061072
Lake_37,59411,Rotifera,Eurotatoria,Flosculariaceae,Conochilidae,,Herbivores,82,23.68508772,3.462093997
Lake_37,bbbbb,Arthropoda,Branchiopoda,Diplostraca,Daphniidae,Daphnia,Herbivores,88,23.68508772,3.715417947
Lake_37,85779,Arthropoda,Maxillopoda,Calanoida,Diaptomidae,,Herbivores,3,23.68508772,0.126661975
Lake_37,83874,Arthropoda,Branchiopoda,Diplostraca,Daphniidae,Daphnia,Herbivores,3,23.68508772,0.126661975
Lake_37,aaaaa,Rotifera,Eurotatoria,Ploima,Brachionidae,Keratella,Herbivores,7,23.68508772,0.295544609
Lake_38,85779,Arthropoda,Maxillopoda,Calanoida,Diaptomidae,,Herbivores,1,4.098782609,0.243974881
Lake_38,125923,Arthropoda,Insecta,Diptera,Chaoboridae,Chaoborus,Predaceous,1,4.098782609,0.243974881
Lake_38,88634,Arthropoda,Maxillopoda,Cyclopoida,Cyclopidae,,Predaceous,22,4.098782609,5.367447386
Lake_38,59175,Rotifera,Eurotatoria,Ploima,Gastropodidae,Gastropus,Herbivores,3,4.098782609,0.731924644
Lake_38,59322,Rotifera,Eurotatoria,Flosculariaceae,Testudinellidae,Pompholyx,Herbivores,53,4.098782609,12.9306687
Lake_38,88634,Arthropoda,Maxillopoda,Cyclopoida,Cyclopidae,,Predaceous,8,4.098782609,1.95179905
Lake_38,58487,Rotifera,Eurotatoria,Ploima,Brachionidae,Kellicottia,Omnivorous,8,4.098782609,1.95179905
Lake_38,83905,Arthropoda,Branchiopoda,Diplostraca,Daphniidae,Ceriodaphnia,Herbivores,8,4.098782609,1.95179905
Lake_38,aaaaa,Rotifera,Eurotatoria,Ploima,Brachionidae,Keratella,Herbivores,80,4.098782609,19.5179905
Lake_38,aaaaa,Rotifera,Eurotatoria,Ploima,Brachionidae,Keratella,Herbivores,101,4.098782609,24.641463
Lake_38,59270,Rotifera,Eurotatoria,Ploima,Synchaetidae,Polyarthra,Omnivorous,1,4.098782609,0.243974881
Lake_38,bbbbb,Arthropoda,Branchiopoda,Diplostraca,Daphniidae,Daphnia,Herbivores,1,4.098782609,0.243974881
Lake_38,59411,Rotifera,Eurotatoria,Flosculariaceae,Conochilidae,,Herbivores,1,4.098782609,0.243974881
Lake_39,88599,Arthropoda,Maxillopoda,Poecilostomatoida,Ergasilidae,Ergasilus,Omnivorous,2,7.333756906,0.272711521
Lake_39,59235,Rotifera,Eurotatoria,Ploima,Asplanchnidae,Asplanchna,Omnivorous,2,7.333756906,0.272711521
Lake_39,58559,Rotifera,Eurotatoria,Ploima,Brachionidae,Platyias,Predaceous,2,7.333756906,0.272711521
Lake_39,88634,Arthropoda,Maxillopoda,Cyclopoida,Cyclopidae,,Predaceous,3,7.333756906,0.409067281
Lake_39,59434,Rotifera,Eurotatoria,Collothecaceae,Collothecidae,Collotheca,Herbivores,4,7.333756906,0.545423042
Lake_39,58487,Rotifera,Eurotatoria,Ploima,Brachionidae,Kellicottia,Omnivorous,3,7.333756906,0.409067281
Lake_39,aaaaa,Rotifera,Eurotatoria,Ploima,Brachionidae,Keratella,Herbivores,5,7.333756906,0.681778802
Lake_39,83837,Arthropoda,Branchiopoda,Diplostraca,Sididae,Diaphanosoma,Herbivores,14,7.333756906,1.908980647
Lake_39,59270,Rotifera,Eurotatoria,Ploima,Synchaetidae,Polyarthra,Omnivorous,21,7.333756906,2.86347097
Lake_39,88634,Arthropoda,Maxillopoda,Cyclopoida,Cyclopidae,,Predaceous,23,7.333756906,3.136182491
Lake_39,58352,Rotifera,Eurotatoria,Ploima,Brachionidae,Keratella,Herbivores,49,7.333756906,6.681432263
Lake_39,88634,Arthropoda,Maxillopoda,Cyclopoida,Cyclopidae,,Predaceous,57,7.333756906,7.772278347
Lake_39,aaaaa,Rotifera,Eurotatoria,Ploima,Brachionidae,Keratella,Herbivores,113,7.333756906,15.40820093
Lake_39,bbbbb,Arthropoda,Branchiopoda,Diplostraca,Daphniidae,Daphnia,Herbivores,1,7.333756906,0.13635576
Lake_39,85779,Arthropoda,Maxillopoda,Calanoida,Diaptomidae,,Herbivores,1,7.333756906,0.13635576
Lake_39,58486,Rotifera,Eurotatoria,Ploima,Brachionidae,Kellicottia,Omnivorous,1,7.333756906,0.13635576
Lake_4,59255,Rotifera,Eurotatoria,Ploima,Synchaetidae,Synchaeta,Predaceous,1,22.58493409,0.044277304
Lake_4,83936,Arthropoda,Branchiopoda,Diplostraca,Bosminidae,Bosmina,Herbivores,1,22.58493409,0.044277304
Lake_4,83862,Arthropoda,Branchiopoda,Diplostraca,Sididae,Sida,Herbivores,2,22.58493409,0.088554609
Lake_4,83957,Arthropoda,Branchiopoda,Diplostraca,Holopediidae,Holopedium,Herbivores,3,22.58493409,0.132831913
Lake_4,85855,Arthropoda,Maxillopoda,Calanoida,Temoridae,,Predaceous,5,22.58493409,0.221386522
Lake_4,88634,Arthropoda,Maxillopoda,Cyclopoida,Cyclopidae,,Predaceous,6,22.58493409,0.265663826
Lake_4,59270,Rotifera,Eurotatoria,Ploima,Synchaetidae,Polyarthra,Omnivorous,7,22.58493409,0.30994113
Lake_4,83837,Arthropoda,Branchiopoda,Diplostraca,Sididae,Diaphanosoma,Herbivores,9,22.58493409,0.398495739
Lake_4,59411,Rotifera,Eurotatoria,Flosculariaceae,Conochilidae,,Herbivores,10,22.58493409,0.442773043
Lake_4,59425,Rotifera,Eurotatoria,Flosculariaceae,Filiniidae,Filinia,Omnivorous,19,22.58493409,0.841268782
Lake_4,88634,Arthropoda,Maxillopoda,Cyclopoida,Cyclopidae,,Predaceous,18,22.58493409,0.796991478
Lake_4,bbbbb,Arthropoda,Branchiopoda,Diplostraca,Daphniidae,Daphnia,Herbivores,18,22.58493409,0.796991478
Lake_4,aaaaa,Rotifera,Eurotatoria,Ploima,Brachionidae,Keratella,Herbivores,26,22.58493409,1.151209913
Lake_4,85779,Arthropoda,Maxillopoda,Calanoida,Diaptomidae,,Herbivores,45,22.58493409,1.992478695
Lake_4,88634,Arthropoda,Maxillopoda,Cyclopoida,Cyclopidae,,Predaceous,129,22.58493409,5.71177226
Lake_4,83879,Arthropoda,Branchiopoda,Diplostraca,Daphniidae,Daphnia,Herbivores,1,22.58493409,0.044277304
Lake_4,83874,Arthropoda,Branchiopoda,Diplostraca,Daphniidae,Daphnia,Herbivores,4,22.58493409,0.177109217
Lake_4,58486,Rotifera,Eurotatoria,Ploima,Brachionidae,Kellicottia,Omnivorous,1,22.58493409,0.044277304
Lake_40,83973,Arthropoda,Branchiopoda,Diplostraca,Chydoridae,,Herbivores,1,16.99510549,0.05884047
Lake_40,125923,Arthropoda,Insecta,Diptera,Chaoboridae,Chaoborus,Predaceous,1,16.99510549,0.05884047
Lake_40,58486,Rotifera,Eurotatoria,Ploima,Brachionidae,Kellicottia,Omnivorous,12,16.99510549,0.706085644
Lake_40,58352,Rotifera,Eurotatoria,Ploima,Brachionidae,Keratella,Herbivores,13,16.99510549,0.764926114
Lake_40,aaaaa,Rotifera,Eurotatoria,Ploima,Brachionidae,Keratella,Herbivores,2,16.99510549,0.117680941
Lake_40,88634,Arthropoda,Maxillopoda,Cyclopoida,Cyclopidae,,Predaceous,55,16.99510549,3.236225868
Lake_40,aaaaa,Rotifera,Eurotatoria,Ploima,Brachionidae,Keratella,Herbivores,15,16.99510549,0.882607055
Lake_40,bbbbb,Arthropoda,Branchiopoda,Diplostraca,Daphniidae,Daphnia,Herbivores,197,16.99510549,11.59157265
Lake_40,83874,Arthropoda,Branchiopoda,Diplostraca,Daphniidae,Daphnia,Herbivores,2,16.99510549,0.117680941
Lake_40,59270,Rotifera,Eurotatoria,Ploima,Synchaetidae,Polyarthra,Omnivorous,8,16.99510549,0.470723763
Lake_40,59411,Rotifera,Eurotatoria,Flosculariaceae,Conochilidae,,Herbivores,1,16.99510549,0.05884047
Lake_5,88634,Arthropoda,Maxillopoda,Cyclopoida,Cyclopidae,,Predaceous,1,63.05296,0.015859684
Lake_5,83905,Arthropoda,Branchiopoda,Diplostraca,Daphniidae,Ceriodaphnia,Herbivores,21,63.05296,0.333053357
Lake_5,58486,Rotifera,Eurotatoria,Ploima,Brachionidae,Kellicottia,Omnivorous,34,63.05296,0.539229245
Lake_5,59282,Rotifera,Eurotatoria,Ploima,Synchaetidae,Ploesoma,Predaceous,4,63.05296,0.063438735
Lake_5,83837,Arthropoda,Branchiopoda,Diplostraca,Sididae,Diaphanosoma,Herbivores,4,63.05296,0.063438735
Lake_5,83879,Arthropoda,Branchiopoda,Diplostraca,Daphniidae,Daphnia,Herbivores,61,63.05296,0.967440704
Lake_5,59074,Rotifera,Eurotatoria,Ploima,Trichocercidae,Trichocerca,Predaceous,5,63.05296,0.079298418
Lake_5,59270,Rotifera,Eurotatoria,Ploima,Synchaetidae,Polyarthra,Omnivorous,27,63.05296,0.428211459
Lake_5,85779,Arthropoda,Maxillopoda,Calanoida,Diaptomidae,,Herbivores,130,63.05296,2.061758877
Lake_5,aaaaa,Rotifera,Eurotatoria,Ploima,Brachionidae,Keratella,Herbivores,1,63.05296,0.015859684
Lake_5,aaaaa,Rotifera,Eurotatoria,Ploima,Brachionidae,Keratella,Herbivores,1,63.05296,0.015859684
Lake_5,59411,Rotifera,Eurotatoria,Flosculariaceae,Conochilidae,,Herbivores,1,63.05296,0.015859684
Lake_6,58578,Rotifera,Eurotatoria,Ploima,Euchlanidae,Euchlanis,Herbivores,1,210.7944915,0.004743957
Lake_6,58538,Rotifera,Eurotatoria,Ploima,Trichotriidae,Macrochaetus,Predaceous,1,210.7944915,0.004743957
Lake_6,59255,Rotifera,Eurotatoria,Ploima,Synchaetidae,Synchaeta,Predaceous,1,210.7944915,0.004743957
Lake_6,59185,Rotifera,Eurotatoria,Ploima,Dicranophoridae,Wierzejskiella,Predaceous,1,210.7944915,0.004743957
Lake_6,58633,Rotifera,Eurotatoria,Ploima,Lecanidae,,Herbivores,1,210.7944915,0.004743957
Lake_6,83936,Arthropoda,Branchiopoda,Diplostraca,Bosminidae,Bosmina,Herbivores,3,210.7944915,0.014231871
Lake_6,84116,Arthropoda,Branchiopoda,Diplostraca,Macrothricidae,,Herbivores,3,210.7944915,0.014231871
Lake_6,88634,Arthropoda,Maxillopoda,Cyclopoida,Cyclopidae,,Predaceous,3,210.7944915,0.014231871
Lake_6,58246,Rotifera,Eurotatoria,,,,Herbivores,3,210.7944915,0.014231871
Lake_6,83899,Arthropoda,Branchiopoda,Diplostraca,Daphniidae,Simocephalus,Herbivores,4,210.7944915,0.018975828
Lake_6,88634,Arthropoda,Maxillopoda,Cyclopoida,Cyclopidae,,Predaceous,4,210.7944915,0.018975828
Lake_6,733321,Arthropoda,Arachnida,,,,Predaceous,5,210.7944915,0.023719785
Lake_6,83973,Arthropoda,Branchiopoda,Diplostraca,Chydoridae,,Herbivores,6,210.7944915,0.028463742
Lake_6,127917,Arthropoda,Insecta,Diptera,Chironomidae,,Predaceous,9,210.7944915,0.042695613
Lake_6,59074,Rotifera,Eurotatoria,Ploima,Trichocercidae,Trichocerca,Predaceous,24,210.7944915,0.113854968
Lake_6,58633,Rotifera,Eurotatoria,Ploima,Lecanidae,,Herbivores,31,210.7944915,0.147062666
Lake_6,aaaaa,Rotifera,Eurotatoria,Ploima,Brachionidae,Keratella,Herbivores,43,210.7944915,0.20399015
Lake_6,59411,Rotifera,Eurotatoria,Flosculariaceae,Conochilidae,,Herbivores,71,210.7944915,0.336820946
Lake_6,83905,Arthropoda,Branchiopoda,Diplostraca,Daphniidae,Ceriodaphnia,Herbivores,83,210.7944915,0.39374843
Lake_6,85779,Arthropoda,Maxillopoda,Calanoida,Diaptomidae,,Herbivores,1,210.7944915,0.004743957
Lake_6,88634,Arthropoda,Maxillopoda,Cyclopoida,Cyclopidae,,Predaceous,1,210.7944915,0.004743957
Lake_6,83837,Arthropoda,Branchiopoda,Diplostraca,Sididae,Diaphanosoma,Herbivores,1,210.7944915,0.004743957
Lake_7,58487,Rotifera,Eurotatoria,Ploima,Brachionidae,Kellicottia,Omnivorous,1,17.73509165,0.056385387
Lake_7,59297,Rotifera,Eurotatoria,Flosculariaceae,Testudinellidae,Testudinella,Herbivores,1,17.73509165,0.056385387
Lake_7,59411,Rotifera,Eurotatoria,Flosculariaceae,Conochilidae,,Herbivores,1,17.73509165,0.056385387
Lake_7,88599,Arthropoda,Maxillopoda,Poecilostomatoida,Ergasilidae,Ergasilus,Omnivorous,2,17.73509165,0.112770773
Lake_7,59167,Rotifera,Eurotatoria,Ploima,Gastropodidae,Ascomorpha,Herbivores,4,17.73509165,0.225541547
Lake_7,59282,Rotifera,Eurotatoria,Ploima,Synchaetidae,Ploesoma,Predaceous,5,17.73509165,0.281926933
Lake_7,58486,Rotifera,Eurotatoria,Ploima,Brachionidae,Kellicottia,Omnivorous,5,17.73509165,0.281926933
Lake_7,bbbbb,Arthropoda,Branchiopoda,Diplostraca,Daphniidae,Daphnia,Herbivores,5,17.73509165,0.281926933
Lake_7,83973,Arthropoda,Branchiopoda,Diplostraca,Chydoridae,,Herbivores,3,17.73509165,0.16915616
Lake_7,88634,Arthropoda,Maxillopoda,Cyclopoida,Cyclopidae,,Predaceous,4,17.73509165,0.225541547
Lake_7,83879,Arthropoda,Branchiopoda,Diplostraca,Daphniidae,Daphnia,Herbivores,13,17.73509165,0.733010026
Lake_7,59074,Rotifera,Eurotatoria,Ploima,Trichocercidae,Trichocerca,Predaceous,8,17.73509165,0.451083093
Lake_7,59270,Rotifera,Eurotatoria,Ploima,Synchaetidae,Polyarthra,Omnivorous,23,17.73509165,1.296863893
Lake_7,88634,Arthropoda,Maxillopoda,Cyclopoida,Cyclopidae,,Predaceous,15,17.73509165,0.8457808
Lake_7,59322,Rotifera,Eurotatoria,Flosculariaceae,Testudinellidae,Pompholyx,Herbivores,28,17.73509165,1.578790826
Lake_7,83837,Arthropoda,Branchiopoda,Diplostraca,Sididae,Diaphanosoma,Herbivores,84,17.73509165,4.736372479
Lake_7,59175,Rotifera,Eurotatoria,Ploima,Gastropodidae,Gastropus,Herbivores,95,17.73509165,5.356611732
Lake_7,aaaaa,Rotifera,Eurotatoria,Ploima,Brachionidae,Keratella,Herbivores,1,17.73509165,0.056385387
Lake_7,85779,Arthropoda,Maxillopoda,Calanoida,Diaptomidae,,Herbivores,2,17.73509165,0.112770773
Lake_7,aaaaa,Rotifera,Eurotatoria,Ploima,Brachionidae,Keratella,Herbivores,1,17.73509165,0.056385387
Lake_8,58578,Rotifera,Eurotatoria,Ploima,Euchlanidae,Euchlanis,Herbivores,1,60.86652651,0.016429392
Lake_8,83937,Arthropoda,Branchiopoda,Diplostraca,Bosminidae,Eubosmina,Herbivores,3,60.86652651,0.049288175
Lake_8,59425,Rotifera,Eurotatoria,Flosculariaceae,Filiniidae,Filinia,Omnivorous,2,60.86652651,0.032858783
Lake_8,59270,Rotifera,Eurotatoria,Ploima,Synchaetidae,Polyarthra,Omnivorous,3,60.86652651,0.049288175
Lake_8,58486,Rotifera,Eurotatoria,Ploima,Brachionidae,Kellicottia,Omnivorous,1,60.86652651,0.016429392
Lake_8,59074,Rotifera,Eurotatoria,Ploima,Trichocercidae,Trichocerca,Predaceous,1,60.86652651,0.016429392
Lake_8,bbbbb,Arthropoda,Branchiopoda,Diplostraca,Daphniidae,Daphnia,Herbivores,6,60.86652651,0.09857635
Lake_8,88634,Arthropoda,Maxillopoda,Cyclopoida,Cyclopidae,,Predaceous,7,60.86652651,0.115005741
Lake_8,85779,Arthropoda,Maxillopoda,Calanoida,Diaptomidae,,Herbivores,43,60.86652651,0.706463839
Lake_8,59322,Rotifera,Eurotatoria,Flosculariaceae,Testudinellidae,Pompholyx,Herbivores,30,60.86652651,0.492881748
Lake_8,59235,Rotifera,Eurotatoria,Ploima,Asplanchnidae,Asplanchna,Omnivorous,2,60.86652651,0.032858783
Lake_8,83837,Arthropoda,Branchiopoda,Diplostraca,Sididae,Diaphanosoma,Herbivores,27,60.86652651,0.443593573
Lake_8,59255,Rotifera,Eurotatoria,Ploima,Synchaetidae,Synchaeta,Predaceous,32,60.86652651,0.525740532
Lake_8,125923,Arthropoda,Insecta,Diptera,Chaoboridae,Chaoborus,Predaceous,1,60.86652651,0.016429392
Lake_8,83879,Arthropoda,Branchiopoda,Diplostraca,Daphniidae,Daphnia,Herbivores,1,60.86652651,0.016429392
Lake_8,aaaaa,Rotifera,Eurotatoria,Ploima,Brachionidae,Keratella,Herbivores,47,60.86652651,0.772181406
Lake_8,59411,Rotifera,Eurotatoria,Flosculariaceae,Conochilidae,,Herbivores,95,60.86652651,1.560792203
Lake_9,59235,Rotifera,Eurotatoria,Ploima,Asplanchnidae,Asplanchna,Omnivorous,1,38.0166309,0.026304277
Lake_9,59350,Rotifera,Eurotatoria,Flosculariaceae,Hexarthridae,Hexarthra,Omnivorous,2,38.0166309,0.052608555
Lake_9,127917,Arthropoda,Insecta,Diptera,Chironomidae,,Predaceous,5,38.0166309,0.131521386
Lake_9,59282,Rotifera,Eurotatoria,Ploima,Synchaetidae,Ploesoma,Predaceous,7,38.0166309,0.184129941
Lake_9,59270,Rotifera,Eurotatoria,Ploima,Synchaetidae,Polyarthra,Omnivorous,6,38.0166309,0.157825664
Lake_9,83936,Arthropoda,Branchiopoda,Diplostraca,Bosminidae,Bosmina,Herbivores,15,38.0166309,0.394564159
Lake_9,88634,Arthropoda,Maxillopoda,Cyclopoida,Cyclopidae,,Predaceous,17,38.0166309,0.447172714
Lake_9,aaaaa,Rotifera,Eurotatoria,Ploima,Brachionidae,Keratella,Herbivores,27,38.0166309,0.710215486
Lake_9,83837,Arthropoda,Branchiopoda,Diplostraca,Sididae,Diaphanosoma,Herbivores,88,38.0166309,2.3147764
Lake_9,83905,Arthropoda,Branchiopoda,Diplostraca,Daphniidae,Ceriodaphnia,Herbivores,128,38.0166309,3.36694749
Lake_9,59434,Rotifera,Eurotatoria,Collothecaceae,Collothecidae,Collotheca,Herbivores,1,38.0166309,0.026304277
Lake_9,85779,Arthropoda,Maxillopoda,Calanoida,Diaptomidae,,Herbivores,1,38.0166309,0.026304277
Lake_9,59411,Rotifera,Eurotatoria,Flosculariaceae,Conochilidae,,Herbivores,1,38.0166309,0.026304277
